City_ID,City,Country,Date,Lat,Lng,Max Temp,Humidity,Cloudiness,Wind Speed
0,Qaanaaq,GL,2021-07-30 01:37:54,77.484,-69.3632,39.72,88,69,7.58
1,Airai,TL,2021-07-30 01:38:45,-8.9266,125.4092,75.51,32,5,3.85
2,Ushuaia,AR,2021-07-30 01:38:45,-54.8,-68.3,42.46,49,0,10.36
3,Barrow,US,2021-07-30 01:37:02,71.2906,-156.7887,53.62,82,90,5.75
4,Nokha,IN,2021-07-30 01:38:46,27.6,73.4167,83.17,71,94,14.52
5,Mataura,NZ,2021-07-30 01:38:46,-46.1927,168.8643,50.49,81,100,3.13
6,Bluff,NZ,2021-07-30 01:33:48,-46.6,168.3333,50.81,74,100,3.71
7,Bredasdorp,ZA,2021-07-30 01:38:47,-34.5322,20.0403,47.52,87,12,5.75
8,Busselton,AU,2021-07-30 01:38:47,-33.65,115.3333,51.04,72,92,27.04
9,Inhambane,MZ,2021-07-30 01:38:47,-23.865,35.3833,64.06,75,0,6.8
10,Obihiro,JP,2021-07-30 01:38:48,42.9172,143.2044,74.61,76,84,4.81
11,Talnakh,RU,2021-07-30 01:38:36,69.4865,88.3972,57.47,91,100,2.35
12,Arraial Do Cabo,BR,2021-07-30 01:38:48,-22.9661,-42.0278,63.14,57,99,20.83
13,Ancud,CL,2021-07-30 01:38:48,-41.8697,-73.8203,44.13,87,100,9.08
14,Ocean Springs,US,2021-07-30 01:36:37,30.4113,-88.8278,86.02,83,1,6.91
15,Atuona,PF,2021-07-30 01:37:23,-9.8,-139.0333,77.14,81,100,12.82
16,Houston,US,2021-07-30 01:36:35,29.7633,-95.3633,89.62,68,75,3.0
17,Kulhudhuffushi,MV,2021-07-30 01:38:49,6.6221,73.07,82.35,73,76,9.46
18,New Norfolk,AU,2021-07-30 01:38:49,-42.7826,147.0587,54.91,67,100,4.0
19,Port Elizabeth,ZA,2021-07-30 01:38:50,-33.918,25.5701,48.49,87,0,5.75
20,Katav-Ivanovsk,RU,2021-07-30 01:38:50,54.7531,58.1956,51.51,95,100,4.79
21,Kodiak,US,2021-07-30 01:38:50,57.79,-152.4072,56.71,67,90,4.61
22,Albany,US,2021-07-30 01:38:51,42.6001,-73.9662,70.66,94,92,4.68
23,Punta Arenas,CL,2021-07-30 01:35:19,-53.15,-70.9167,39.11,87,0,17.27
24,Worpswede,DE,2021-07-30 01:38:51,53.2167,8.9333,55.9,80,16,1.99
25,Hobart,AU,2021-07-30 01:37:23,-42.8794,147.3294,55.26,64,75,4.0
26,Chifeng,CN,2021-07-30 01:38:52,42.2683,118.9636,66.29,96,100,6.35
27,Upernavik,GL,2021-07-30 01:37:24,72.7868,-56.1549,45.18,87,99,4.38
28,Grand Gaube,MU,2021-07-30 01:34:56,-20.0064,57.6608,70.2,77,89,10.0
29,Northam,GB,2021-07-30 01:38:52,51.0333,-4.2167,61.02,91,88,24.02
30,Cherskiy,RU,2021-07-30 01:34:10,68.75,161.3,37.78,64,100,20.58
31,Aklavik,CA,2021-07-30 01:38:48,68.2191,-135.0107,67.03,52,100,9.44
32,Lorengau,PG,2021-07-30 01:38:53,-2.0226,147.2712,85.35,68,31,5.21
33,Horodnya,UA,2021-07-30 01:38:53,51.8909,31.5974,63.68,98,28,6.98
34,Thompson,CA,2021-07-30 01:36:49,55.7435,-97.8558,73.56,46,75,3.44
35,Rikitea,PF,2021-07-30 01:38:53,-23.1203,-134.9692,71.64,76,2,3.53
36,Aswan,EG,2021-07-30 01:38:54,24.0934,32.907,85.3,23,0,11.5
37,Katsuura,JP,2021-07-30 01:38:54,35.1333,140.3,86.18,82,26,8.72
38,Kapaa,US,2021-07-30 01:38:55,22.0752,-159.319,85.98,71,75,3.0
39,Hithadhoo,MV,2021-07-30 01:37:39,-0.6,73.0833,82.36,70,99,2.86
40,Butaritari,KI,2021-07-30 01:38:56,3.0707,172.7902,83.7,71,11,12.08
41,Jamestown,US,2021-07-30 01:38:56,42.097,-79.2353,74.52,83,40,5.57
42,Kologriv,RU,2021-07-30 01:38:57,58.8275,44.3178,59.02,98,45,5.88
43,Fukue,JP,2021-07-30 01:38:28,32.6881,128.8419,84.56,74,75,6.91
44,Kropotkin,RU,2021-07-30 01:38:57,45.4375,40.5756,65.21,59,0,5.59
45,Ilhabela,BR,2021-07-30 01:38:57,-23.7781,-45.3581,51.85,72,65,5.66
46,Ahipara,NZ,2021-07-30 01:34:27,-35.1667,173.1667,62.28,76,57,15.39
47,Kyshtovka,RU,2021-07-30 01:38:58,56.555,76.6271,55.96,67,68,6.13
48,Geraldton,AU,2021-07-30 01:37:27,-28.7667,114.6,64.81,72,75,23.02
49,Kuah,MY,2021-07-30 01:38:58,6.3265,99.8432,80.58,89,20,3.44
50,Teguldet,RU,2021-07-30 01:37:12,57.3064,88.1667,64.13,56,100,3.18
51,Tigil,RU,2021-07-30 01:38:58,57.8,158.6667,57.72,55,79,15.05
52,Busko-Zdroj,PL,2021-07-30 01:38:58,50.4708,20.7188,65.61,74,0,4.52
53,Mpika,ZM,2021-07-30 01:38:59,-11.8343,31.4529,48.92,70,0,6.15
54,Copiapo,CL,2021-07-30 01:35:57,-27.3667,-70.3333,44.29,32,0,0.96
55,Bambous Virieux,MU,2021-07-30 01:37:02,-20.3428,57.7575,70.05,78,75,14.97
56,Aguimes,ES,2021-07-30 01:38:59,27.9054,-15.4461,69.66,73,20,23.02
57,Hermanus,ZA,2021-07-30 01:39:00,-34.4187,19.2345,51.91,81,16,7.29
58,Provideniya,RU,2021-07-30 01:39:00,64.3833,-173.3,51.91,76,75,15.66
59,Hilo,US,2021-07-30 01:39:01,19.7297,-155.09,83.93,69,40,6.91
60,Mar Del Plata,AR,2021-07-30 01:34:06,-38.0023,-57.5575,49.12,70,0,3.0
61,Cacoal,BR,2021-07-30 01:36:11,-11.4386,-61.4472,63.48,37,3,4.99
62,Parfino,RU,2021-07-30 01:39:01,57.9731,31.6481,58.77,97,7,3.36
63,Dikson,RU,2021-07-30 01:39:01,73.5069,80.5464,42.21,89,100,13.2
64,Longyearbyen,SJ,2021-07-30 01:37:36,78.2186,15.6401,42.64,81,75,3.44
65,Hami,CN,2021-07-30 01:39:02,42.8,93.45,95.41,15,3,0.92
66,Stromness,GB,2021-07-30 01:39:02,58.965,-3.296,55.65,95,100,13.38
67,Beringovskiy,RU,2021-07-30 01:39:03,63.05,179.3167,42.51,90,100,11.34
68,Aykhal,RU,2021-07-30 01:39:03,66.0,111.5,73.98,33,99,7.54
69,Buala,SB,2021-07-30 01:39:03,-8.145,159.5921,85.17,68,4,7.38
70,Burnie,AU,2021-07-30 01:39:04,-41.0667,145.9167,52.2,80,99,18.95
71,Shimoda,JP,2021-07-30 01:39:04,34.6667,138.95,86.11,71,46,3.44
72,Durango,MX,2021-07-30 01:34:41,24.8333,-104.8333,60.8,77,100,3.15
73,San Quintin,MX,2021-07-30 01:39:04,30.4833,-115.95,70.83,79,20,14.23
74,Jiangyou,CN,2021-07-30 01:39:05,31.7667,104.7167,83.91,56,71,2.46
75,Chuy,UY,2021-07-30 01:39:05,-33.6971,-53.4616,40.93,86,9,5.68
76,Pangai,TO,2021-07-30 01:39:05,-19.8,-174.35,80.71,57,40,11.5
77,Bilibino,RU,2021-07-30 01:36:13,68.0546,166.4372,43.88,50,78,10.54
78,Zheleznodorozhnyy,RU,2021-07-30 01:39:06,55.7503,38.0042,68.14,73,100,3.76
79,Selfoss,IS,2021-07-30 01:39:06,63.9331,-20.9971,61.84,82,28,4.74
80,Oranjemund,NA,2021-07-30 01:37:08,-28.55,16.4333,55.18,58,0,5.5
81,Cerrito,CO,2021-07-30 01:39:07,6.8432,-72.694,54.79,95,100,5.82
82,Hobyo,SO,2021-07-30 01:39:07,5.3505,48.5268,76.15,82,100,23.62
83,Tongzi,CN,2021-07-30 01:39:08,28.7829,105.0877,87.55,65,31,2.46
84,Linares,CL,2021-07-30 01:39:08,-35.85,-71.6,48.45,70,0,1.77
85,Karoi,ZW,2021-07-30 01:39:08,-16.8099,29.6925,50.22,66,2,4.32
86,Khatanga,RU,2021-07-30 01:39:09,71.9667,102.5,84.65,40,0,9.71
87,Dosso,NE,2021-07-30 01:39:09,13.049,3.1937,79.21,72,85,7.99
88,Namibe,AO,2021-07-30 01:37:34,-15.1961,12.1522,63.7,80,1,1.16
89,Brigantine,US,2021-07-30 01:39:09,39.4101,-74.3646,78.33,97,90,10.36
90,Trinitapoli,IT,2021-07-30 01:39:10,41.3572,16.0874,81.91,40,0,6.89
91,Sao Felix Do Xingu,BR,2021-07-30 01:39:10,-6.6447,-51.995,74.8,47,70,2.06
92,Santa Maria,BR,2021-07-30 01:37:31,-29.6842,-53.8069,36.7,100,0,2.3
93,Kahului,US,2021-07-30 01:38:04,20.8947,-156.47,86.02,75,40,29.93
94,Gazanjyk,TM,2021-07-30 01:39:10,39.2446,55.5154,78.12,57,6,5.55
95,Pevek,RU,2021-07-30 01:37:07,69.7008,170.3133,32.04,98,100,25.81
96,Leningradskiy,RU,2021-07-30 01:38:01,69.3833,178.4167,32.79,97,100,20.36
97,Sao Filipe,CV,2021-07-30 01:39:11,14.8961,-24.4956,75.16,79,52,6.93
98,Comodoro Rivadavia,AR,2021-07-30 01:37:48,-45.8667,-67.5,64.26,22,0,12.66
99,Portland,US,2021-07-30 01:35:03,45.5234,-122.6762,99.01,25,20,3.0
100,Sal Rei,CV,2021-07-30 01:39:12,16.1833,-22.9167,75.76,78,87,10.98
101,Tuktoyaktuk,CA,2021-07-30 01:37:38,69.4541,-133.0374,57.2,88,75,10.36
102,Kuhdasht,IR,2021-07-30 01:39:12,33.535,47.6061,75.51,19,1,2.59
103,Yellowknife,CA,2021-07-30 01:37:44,62.456,-114.3525,72.12,43,40,8.05
104,Lebu,CL,2021-07-30 01:37:51,-37.6167,-73.65,48.56,84,0,5.37
105,Codrington,AU,2021-07-30 01:39:13,-38.2667,141.9667,54.32,64,57,26.53
106,Faanui,PF,2021-07-30 01:37:04,-16.4833,-151.75,78.08,76,36,10.0
107,Saint-Philippe,RE,2021-07-30 01:39:13,-21.3585,55.7679,67.59,84,96,15.59
108,Matara,LK,2021-07-30 01:39:14,5.9485,80.5353,80.4,84,32,12.28
109,Lumphat,KH,2021-07-30 01:39:14,13.4878,106.9816,78.01,93,99,5.91
110,Chokurdakh,RU,2021-07-30 01:34:16,70.6333,147.9167,51.49,43,83,4.72
111,Shellbrook,CA,2021-07-30 01:37:14,53.2168,-106.4011,74.43,34,96,7.25
112,Deer Lake,CA,2021-07-30 01:37:15,49.1667,-57.4316,57.06,77,40,6.91
113,Henties Bay,NA,2021-07-30 01:39:14,-22.116,14.2845,58.77,65,0,2.46
114,Baghdad,IQ,2021-07-30 01:37:02,33.3406,44.4009,89.51,31,0,10.36
115,Kavaratti,IN,2021-07-30 01:39:15,10.5669,72.642,82.33,75,98,15.37
116,Saint-Joseph,RE,2021-07-30 01:39:02,-21.3667,55.6167,66.58,81,57,15.7
117,Torbay,CA,2021-07-30 01:35:29,47.6666,-52.7314,60.58,81,1,16.11
118,Puerto Ayora,EC,2021-07-30 01:39:15,-0.7393,-90.3518,71.02,91,30,7.0
119,Mayo,US,2021-07-30 01:39:16,38.8876,-76.5119,80.58,93,40,1.99
120,Tuatapere,NZ,2021-07-30 01:34:51,-46.1333,167.6833,50.83,76,100,1.32
121,Buchanan,LR,2021-07-30 01:39:16,5.8808,-10.0467,75.92,84,13,5.53
122,Clyde River,CA,2021-07-30 01:39:16,70.4692,-68.5914,39.43,93,75,4.61
123,Kaitangata,NZ,2021-07-30 01:39:16,-46.2817,169.8464,53.92,79,92,8.81
124,Victoria,HK,2021-07-30 01:34:53,22.2855,114.1577,82.38,93,99,4.0
125,Chippewa Falls,US,2021-07-30 01:39:17,44.9369,-91.3929,73.87,75,1,6.91
126,Waddan,LY,2021-07-30 01:39:17,29.1614,16.139,76.75,48,0,4.61
127,Tashtyp,RU,2021-07-30 01:39:17,52.7939,89.8983,61.7,71,76,2.1
128,Chulman,RU,2021-07-30 01:39:18,56.8479,124.9104,65.86,43,16,11.56
129,Yar-Sale,RU,2021-07-30 01:39:18,66.8333,70.8333,50.65,90,94,16.98
130,Fairbanks,US,2021-07-30 01:39:18,64.8378,-147.7164,71.1,60,90,4.61
131,Kloulklubed,PW,2021-07-30 01:39:19,7.0419,134.2556,84.7,72,61,3.0
132,Bud,US,2021-07-30 01:39:19,39.447,-86.1758,82.49,89,59,6.49
133,Carnarvon,AU,2021-07-30 01:34:30,-24.8667,113.6333,66.27,65,75,14.97
134,Lasa,IT,2021-07-30 01:37:26,46.6166,10.7002,61.68,95,4,2.08
135,Luderitz,NA,2021-07-30 01:39:20,-26.6481,15.1594,64.96,38,0,11.63
136,Port-Gentil,GA,2021-07-30 01:39:20,-0.7193,8.7815,76.42,77,69,13.78
137,Vaini,TO,2021-07-30 01:37:31,-21.2,-175.2,75.36,88,75,6.91
138,Tsaratanana,MG,2021-07-30 01:39:21,-16.7833,47.65,69.46,75,99,9.24
139,Kuvshinovo,RU,2021-07-30 01:39:21,57.0295,34.1725,58.93,98,20,4.52
140,Ambilobe,MG,2021-07-30 01:39:21,-13.2,49.05,62.53,90,0,3.65
141,Tilichiki,RU,2021-07-30 01:39:22,60.4667,166.1,58.01,44,29,4.16
142,Rosetta,EG,2021-07-30 01:39:22,31.4044,30.4164,78.62,84,0,9.26
143,Lahij,YE,2021-07-30 01:39:22,13.1667,44.5833,80.92,68,83,4.21
144,East London,ZA,2021-07-30 01:36:51,-33.0153,27.9116,57.16,67,5,6.04
145,Izumo,JP,2021-07-30 01:39:23,35.3667,132.7667,85.95,66,20,2.3
146,Megion,RU,2021-07-30 01:39:23,61.0296,76.1136,50.02,93,100,13.06
147,Lodja,CD,2021-07-30 01:37:34,-3.4833,23.4333,68.23,56,36,1.32
148,Nicoya,CR,2021-07-30 01:39:23,10.1483,-85.452,83.75,88,54,2.75
149,Mayumba,GA,2021-07-30 01:39:24,-3.432,10.6554,72.03,86,17,4.92
150,Jawhar,SO,2021-07-30 01:39:24,2.7809,45.5005,72.59,80,100,13.49
151,Severo-Kurilsk,RU,2021-07-30 01:39:24,50.6789,156.125,62.35,87,93,4.05
152,Quatre Cocos,MU,2021-07-30 01:39:25,-20.2078,57.7625,69.91,73,98,21.18
153,Olafsvik,IS,2021-07-30 01:39:25,64.8945,-23.7142,52.75,87,99,5.08
154,Tadine,NC,2021-07-30 01:39:25,-21.55,167.8833,75.25,52,7,6.4
155,Filadelfia,US,2021-07-30 01:37:20,39.9523,-75.1638,80.49,87,75,17.27
156,Sinnamary,GF,2021-07-30 01:39:26,5.3833,-52.95,78.19,84,6,5.79
157,Castro,BR,2021-07-30 01:37:20,-24.7911,-50.0119,33.82,60,0,2.82
158,Hailar,CN,2021-07-30 01:39:26,49.2,119.7,75.38,66,83,6.06
159,Rabo De Peixe,PT,2021-07-30 01:39:27,37.8,-25.5833,69.31,88,75,5.75
160,Jacareacanga,BR,2021-07-30 01:39:27,-6.2222,-57.7528,71.69,52,1,2.62
161,Loa Janan,ID,2021-07-30 01:39:28,-0.583,117.095,86.81,63,89,3.98
162,Sobolevo,RU,2021-07-30 01:39:28,54.4299,31.8996,62.02,98,68,4.45
163,Sambava,MG,2021-07-30 01:39:28,-14.2667,50.1667,67.84,91,77,8.86
164,Broken Hill,AU,2021-07-30 01:39:28,-31.95,141.4333,58.71,36,90,17.27
165,Progreso,MX,2021-07-30 01:39:29,21.2833,-89.6667,82.02,80,64,13.89
166,Troitskoye,RU,2021-07-30 01:39:29,52.9821,84.6757,66.27,54,33,3.78
167,Necochea,AR,2021-07-30 01:39:29,-38.5473,-58.7368,43.03,65,0,10.71
168,Vardo,NO,2021-07-30 01:39:30,70.3705,31.1107,45.03,86,100,4.99
169,Cabo San Lucas,MX,2021-07-30 01:38:35,22.8909,-109.9124,89.51,72,20,4.0
170,Bengkulu,ID,2021-07-30 01:39:30,-3.8004,102.2655,81.5,73,37,5.12
171,Adiake,CI,2021-07-30 01:39:30,5.2863,-3.304,74.79,88,17,5.48
172,Luganville,VU,2021-07-30 01:34:40,-15.5333,167.1667,80.94,78,22,3.74
173,Novikovo,RU,2021-07-30 01:39:31,51.1537,37.8879,64.99,93,77,5.61
174,Susehri,TR,2021-07-30 01:39:31,40.1644,38.0867,56.3,92,17,3.27
175,Karaton,ID,2021-07-30 01:39:32,-6.3424,106.1045,83.95,64,4,2.68
176,Nazilli,TR,2021-07-30 01:39:32,37.9163,28.3223,76.32,38,0,4.72
177,Avarua,CK,2021-07-30 01:39:32,-21.2078,-159.775,77.05,61,75,8.05
178,Ust-Nera,RU,2021-07-30 01:39:33,64.5667,143.2,56.59,48,6,3.76
179,Mnogovershinnyy,RU,2021-07-30 01:39:33,53.9353,139.9242,52.81,96,100,7.27
180,Mareeba,AU,2021-07-30 01:39:33,-17.0,145.4333,86.32,44,0,6.49
181,Kijang,KR,2021-07-30 01:39:00,35.2442,129.2139,87.53,58,94,10.94
182,Guerrero Negro,MX,2021-07-30 01:39:17,27.9769,-114.0611,71.83,80,4,20.69
183,Wadi Maliz,TN,2021-07-30 01:39:34,36.4681,8.5495,76.66,32,0,3.56
184,Souillac,MU,2021-07-30 01:39:00,-20.5167,57.5167,70.18,78,75,14.97
185,Salto,UY,2021-07-30 01:37:50,-31.3833,-57.9667,42.06,61,0,4.29
186,Nabisar,PK,2021-07-30 01:39:35,25.0685,69.6419,82.31,78,100,19.66
187,Caravelas,BR,2021-07-30 01:39:36,-17.7125,-39.2481,69.64,82,100,14.72
188,Lata,PT,2021-07-30 01:39:36,40.1629,-8.3327,61.81,99,39,1.83
189,Parsons,US,2021-07-30 01:37:54,37.3403,-95.2611,89.89,63,2,6.69
190,Cidreira,BR,2021-07-30 01:39:36,-30.1811,-50.2056,45.09,72,12,9.22
191,Moyale,KE,2021-07-30 01:39:37,3.5167,39.0584,63.41,72,100,13.65
192,Mikhaylovka,RU,2021-07-30 01:39:37,50.06,43.2379,69.26,73,100,5.21
193,Saskylakh,RU,2021-07-30 01:39:37,71.9167,114.0833,83.1,38,17,6.02
194,Esperance,AU,2021-07-30 01:37:01,-33.8667,121.9,55.24,67,97,26.69
195,Lubaczow,PL,2021-07-30 01:39:38,50.157,23.1234,60.51,82,16,4.74
196,Narragansett,US,2021-07-30 01:39:38,41.4501,-71.4495,72.01,74,40,4.0
197,Sorland,NO,2021-07-30 01:39:38,67.667,12.6934,50.45,86,36,25.03
198,Tiksi,RU,2021-07-30 01:39:39,71.6872,128.8694,59.0,42,4,3.49
199,Georgetown,MY,2021-07-30 01:39:09,5.4112,100.3354,80.53,83,20,4.61
200,Cockburn Town,TC,2021-07-30 01:39:39,21.4612,-71.1419,82.29,79,0,20.83
201,Alta Floresta,BR,2021-07-30 01:39:39,-9.8756,-56.0861,71.42,49,0,3.44
202,Nikolskoye,RU,2021-07-30 01:39:40,59.7035,30.7861,62.49,90,56,6.17
203,Hasaki,JP,2021-07-30 01:39:40,35.7333,140.8333,84.6,77,19,8.66
204,Mount Gambier,AU,2021-07-30 01:39:41,-37.8333,140.7667,55.31,54,75,20.71
205,Merauke,ID,2021-07-30 01:39:42,-8.4667,140.3333,82.45,75,100,6.29
206,Samarai,PG,2021-07-30 01:35:29,-10.6167,150.6667,80.02,85,50,14.29
207,Leopold,AU,2021-07-30 01:39:44,-38.1833,144.4667,60.06,47,90,24.16
208,Plainview,US,2021-07-30 01:38:25,40.7765,-73.4673,73.47,88,90,1.99
209,Alihe,CN,2021-07-30 01:39:44,50.5667,123.7167,79.0,52,1,2.77
210,Praia,CV,2021-07-30 01:39:45,14.9215,-23.5087,77.54,73,75,11.5
211,Nangong,CN,2021-07-30 01:39:45,37.3581,115.3744,79.5,71,90,4.0
212,Canutama,BR,2021-07-30 01:39:45,-6.5339,-64.3831,71.24,54,31,3.74
213,Sur,OM,2021-07-30 01:39:46,22.5667,59.5289,90.18,53,96,17.76
214,Half Moon Bay,US,2021-07-30 01:39:46,37.4636,-122.4286,91.22,74,75,6.91
215,Canandaigua,US,2021-07-30 01:34:57,42.8742,-77.288,69.71,91,62,1.99
216,Petropavlovsk-Kamchatskiy,RU,2021-07-30 01:38:42,53.0452,158.6483,66.79,100,75,4.47
217,Disna,BY,2021-07-30 01:39:47,55.568,28.1971,60.57,92,52,6.04
218,Panzhihua,CN,2021-07-30 01:39:47,26.5851,101.7128,73.76,85,95,1.52
219,Reno,US,2021-07-30 01:39:36,39.5296,-119.8138,84.29,33,90,1.99
220,Aden,YE,2021-07-30 01:39:48,12.7794,45.0367,82.02,75,99,8.12
221,Erechim,BR,2021-07-30 01:39:48,-27.6342,-52.2739,30.96,83,0,2.51
222,Marzuq,YE,2021-07-30 01:39:48,14.4,46.4667,76.8,66,100,5.66
223,Bridlington,GB,2021-07-30 01:39:48,54.0831,-0.1919,57.22,86,100,6.8
224,Scottsbluff,US,2021-07-30 01:39:49,41.8666,-103.6672,88.03,52,1,5.99
225,Boa Viagem,BR,2021-07-30 01:39:49,-5.1275,-39.7322,76.96,59,100,3.96
226,Cape Town,ZA,2021-07-30 01:38:47,-33.9258,18.4232,49.26,95,0,1.01
227,San Cristobal,VE,2021-07-30 01:39:50,7.7669,-72.225,75.38,97,51,4.36
228,Hukuntsi,BW,2021-07-30 01:35:08,-24.0,21.75,48.24,36,0,9.71
229,Wukari,NG,2021-07-30 01:39:50,7.85,9.7833,71.73,95,94,6.04
230,Baykit,RU,2021-07-30 01:39:47,61.67,96.37,62.55,93,100,3.98
231,Camacha,PT,2021-07-30 01:39:51,33.0833,-16.3333,67.42,68,20,11.5
232,Coquimbo,CL,2021-07-30 01:39:51,-29.9533,-71.3436,49.73,87,20,2.3
233,Suntar,RU,2021-07-30 01:39:52,62.1444,117.6319,72.75,32,50,6.53
234,Wad Rawah,SD,2021-07-30 01:39:52,15.1603,33.1397,82.29,69,37,19.24
235,Marystown,CA,2021-07-30 01:39:52,47.1666,-55.1483,59.86,100,23,12.95
236,Brun,AM,2021-07-30 01:39:52,39.5349,46.3073,50.52,87,65,2.01
237,Tifton,US,2021-07-30 01:39:53,31.4505,-83.5085,83.66,89,1,0.0
238,Lompoc,US,2021-07-30 01:36:01,34.6391,-120.4579,76.01,80,90,5.99
239,Ondjiva,AO,2021-07-30 01:39:53,-17.0667,15.7333,52.66,29,91,8.23
240,Saravan,AM,2021-07-30 01:39:54,39.7196,45.6483,56.05,81,5,6.2
241,Indramayu,ID,2021-07-30 01:39:54,-6.3264,108.32,82.36,64,6,5.17
242,Adre,TD,2021-07-30 01:38:00,13.4667,22.2,72.36,81,31,3.33
243,Dvinskoy,RU,2021-07-30 01:39:55,62.1535,45.1175,57.9,99,99,1.61
244,Yeppoon,AU,2021-07-30 01:39:55,-23.1333,150.7333,71.38,46,0,11.68
245,Minsk,BY,2021-07-30 01:39:55,53.9,27.5667,62.35,90,51,6.51
246,Balikpapan,ID,2021-07-30 01:39:56,-1.2675,116.8289,82.38,74,97,7.05
247,Ornskoldsvik,SE,2021-07-30 01:39:56,63.2909,18.7153,63.55,88,100,9.22
248,Bandarbeyla,SO,2021-07-30 01:39:56,9.4942,50.8122,77.09,75,100,27.72
249,Villa Carlos Paz,AR,2021-07-30 01:39:57,-31.4241,-64.4978,45.9,50,0,11.99
250,Safaga,EG,2021-07-30 01:39:57,26.7292,33.9365,87.75,37,100,7.99
251,Kutum,SD,2021-07-30 01:39:57,14.2,24.6667,79.14,57,87,5.66
252,Kidal,ML,2021-07-30 01:39:58,18.4411,1.4078,88.23,40,23,5.59
253,San Vicente,AR,2021-07-30 01:39:58,-26.6167,-54.1333,31.95,78,0,2.77
254,Erdenet,MN,2021-07-30 01:39:58,49.0333,104.0833,58.57,83,39,8.43
255,Kanniyakumari,IN,2021-07-30 01:39:59,8.0833,77.5667,79.61,78,85,19.89
256,Chapais,CA,2021-07-30 01:38:13,49.7834,-74.8492,55.18,96,100,9.93
257,Puerto Del Rosario,ES,2021-07-30 01:39:59,28.5004,-13.8627,69.55,78,15,6.91
258,Osakarovka,KZ,2021-07-30 01:39:59,50.565,72.5692,60.31,55,0,8.52
259,Russell,US,2021-07-30 01:40:00,32.3502,-85.1999,88.83,87,1,0.0
260,Rotifunk,SL,2021-07-30 01:40:00,8.2333,-12.6833,72.41,92,85,2.13
261,Catio,GW,2021-07-30 01:40:01,11.2833,-15.25,75.7,93,100,6.82
262,Deputatskiy,RU,2021-07-30 01:36:58,69.3,139.9,55.94,41,87,4.07
263,Ola,RU,2021-07-30 01:40:01,59.5833,151.2833,58.17,49,4,6.04
264,Waipawa,NZ,2021-07-30 01:40:04,-41.4122,175.5153,58.46,62,3,4.54
265,Dunedin,NZ,2021-07-30 01:40:05,-45.8742,170.5036,48.79,87,64,17.0
266,Mehamn,NO,2021-07-30 01:39:59,71.0357,27.8492,43.95,83,100,4.09
267,Ixtapa,MX,2021-07-30 01:40:05,20.7,-105.2,85.23,79,75,9.22
268,Komsomolskiy,UZ,2021-07-30 01:40:06,40.4272,71.7189,79.52,24,90,4.61
269,Korla,CN,2021-07-30 01:40:06,41.7597,86.1469,92.48,18,17,23.31
270,Vila Velha,BR,2021-07-30 01:40:07,-20.3297,-40.2925,66.15,63,75,17.27
271,Calvinia,ZA,2021-07-30 01:40:07,-31.4707,19.776,44.06,74,0,3.38
272,Saint George,US,2021-07-30 01:36:16,37.1041,-113.5841,97.39,28,40,6.91
273,Tezu,IN,2021-07-30 01:40:07,27.9167,96.1667,76.3,99,100,2.35
274,Tias,ES,2021-07-30 01:40:08,28.9611,-13.645,67.75,83,0,21.85
275,Dmitrov,RU,2021-07-30 01:40:08,56.35,37.5167,68.38,80,100,5.28
276,Nyurba,RU,2021-07-30 01:40:08,63.2842,118.3319,73.36,31,17,5.97
277,Bethel,US,2021-07-30 01:38:38,41.3712,-73.414,71.69,91,90,1.01
278,Ponta Do Sol,PT,2021-07-30 01:40:09,32.6667,-17.1,70.72,78,9,5.7
279,Senneterre,CA,2021-07-30 01:40:10,48.3835,-77.2328,59.22,91,89,11.07
280,Logan Lake,CA,2021-07-30 01:40:10,50.4998,-120.8025,81.39,18,23,2.89
281,Oudtshoorn,ZA,2021-07-30 01:40:10,-33.5907,22.2014,46.76,76,2,1.74
282,Kastamonu,TR,2021-07-30 01:40:11,41.5,33.6667,54.34,61,0,1.28
283,Bhairab Bazar,BD,2021-07-30 01:39:16,24.0667,90.9667,80.65,92,100,12.64
284,Concepcion Del Uruguay,AR,2021-07-30 01:40:11,-32.4825,-58.2372,45.86,74,0,5.23
285,Chyhyryn,UA,2021-07-30 01:40:11,49.0838,32.6555,68.95,92,69,8.03
286,Muros,ES,2021-07-30 01:38:20,42.7762,-9.0603,64.99,85,71,5.19
287,Tumpat,MY,2021-07-30 01:40:12,6.1978,102.171,82.45,88,40,3.44
288,Zima,RU,2021-07-30 01:40:12,53.9202,102.0442,55.62,85,100,6.93
289,Caucaia,BR,2021-07-30 01:40:13,-3.7361,-38.6531,80.55,79,75,10.36
290,Sampit,ID,2021-07-30 01:40:13,-2.5333,112.95,85.73,64,75,3.78
291,Chunoyar,RU,2021-07-30 01:40:13,57.4467,97.3217,59.43,73,100,4.68
292,Santa Cruz Del Norte,CU,2021-07-30 01:40:14,23.1539,-81.9236,79.54,76,24,15.03
293,North Bend,US,2021-07-30 01:40:14,43.4065,-124.2243,65.91,97,90,14.97
294,Sayansk,RU,2021-07-30 01:40:15,54.1088,102.1648,55.62,77,100,7.38
295,Phonhong,LA,2021-07-30 01:40:15,18.5007,102.4166,82.22,88,100,1.36
296,Thinadhoo,MV,2021-07-30 01:39:33,0.5333,72.9333,82.08,73,100,5.91
297,Boyuibe,BO,2021-07-30 01:40:16,-20.4167,-63.2833,44.37,42,46,2.42
298,Ugoofaaru,MV,2021-07-30 01:37:55,5.6667,73.0,82.35,73,34,8.16
299,Talcahuano,CL,2021-07-30 01:40:16,-36.7167,-73.1167,49.68,93,90,2.3
300,Biloela,AU,2021-07-30 01:40:16,-24.4167,150.5,73.78,31,0,0.74
301,Nanortalik,GL,2021-07-30 01:37:57,60.1432,-45.2371,46.29,80,100,16.42
302,Port Blair,IN,2021-07-30 01:40:16,11.6667,92.75,83.44,82,92,17.25
303,Nishihara,JP,2021-07-30 01:40:17,26.1842,127.7558,85.66,89,75,6.91
304,Gizo,SB,2021-07-30 01:40:17,-8.103,156.8419,84.45,70,23,5.35
305,Honiara,SB,2021-07-30 01:40:18,-9.4333,159.95,87.19,65,13,7.14
306,Cervo,ES,2021-07-30 01:40:18,43.6702,-7.4101,60.96,83,68,7.9
307,Axim,GH,2021-07-30 01:40:18,4.8699,-2.2405,75.6,89,19,7.45
308,Sarkand,KZ,2021-07-30 01:40:19,45.41,79.9186,68.11,47,100,4.38
309,Sao Joao Da Barra,BR,2021-07-30 01:40:19,-21.6403,-41.0511,60.84,61,0,19.93
310,Lagoa,PT,2021-07-30 01:40:19,39.05,-27.9833,69.64,90,0,8.1
311,Athabasca,CA,2021-07-30 01:40:20,54.7169,-113.2854,76.82,46,53,12.44
312,Sultanpur,IN,2021-07-30 01:40:20,26.2667,82.0667,80.17,92,100,1.61
313,Nome,US,2021-07-30 01:40:21,64.5011,-165.4064,50.16,93,90,12.66
314,Mutis,CO,2021-07-30 01:39:57,6.2262,-77.4044,79.16,85,100,2.82
315,Lerwick,GB,2021-07-30 01:40:21,60.1545,-1.1494,53.6,94,100,9.73
316,Port Alfred,ZA,2021-07-30 01:40:22,-33.5906,26.891,54.95,85,20,9.13
317,Meulaboh,ID,2021-07-30 01:36:35,4.1363,96.1285,79.84,80,99,2.46
318,Bitung,ID,2021-07-30 01:40:22,1.4451,125.1824,88.65,69,34,9.78
319,Saldanha,ZA,2021-07-30 01:40:22,-33.0117,17.9442,52.41,84,4,4.54
320,Flinders,AU,2021-07-30 01:40:23,-34.5833,150.8552,63.05,48,0,1.99
321,Madaoua,NE,2021-07-30 01:40:23,14.073,5.96,82.89,62,88,9.37
322,Sardarshahr,IN,2021-07-30 01:40:23,28.4333,74.4833,86.9,66,38,12.68
323,Swift Current,CA,2021-07-30 01:40:24,50.2834,-107.8014,86.81,30,1,14.97
324,Buraydah,SA,2021-07-30 01:40:24,26.326,43.975,86.45,18,32,9.15
325,Aripuana,BR,2021-07-30 01:39:10,-9.1667,-60.6333,65.35,49,0,3.04
326,Marsala,IT,2021-07-30 01:40:24,37.7966,12.4352,82.94,67,0,13.91
327,Strezhevoy,RU,2021-07-30 01:40:25,60.7333,77.5889,49.98,96,100,8.46
328,Ribeira Grande,PT,2021-07-30 01:35:26,38.5167,-28.7,70.57,87,9,7.36
329,Fort Nelson,CA,2021-07-30 01:40:25,58.8053,-122.7002,80.19,26,20,4.61
330,Tacuati,PY,2021-07-30 01:40:26,-23.45,-56.5833,41.36,57,23,2.89
331,Bonthe,SL,2021-07-30 01:40:26,7.5264,-12.505,76.6,82,40,5.59
332,Grindavik,IS,2021-07-30 01:38:44,63.8424,-22.4338,61.9,94,0,5.75
333,Jalu,LY,2021-07-30 01:39:27,29.0331,21.5482,78.76,59,0,9.31
334,Peleduy,RU,2021-07-30 01:40:26,59.6289,112.7406,76.62,27,6,12.48
335,Leh,IN,2021-07-30 01:38:30,34.1667,77.5833,60.91,67,96,2.89
336,The Valley,AI,2021-07-30 01:40:27,18.217,-63.0578,82.26,80,100,19.24
337,Erenhot,CN,2021-07-30 01:40:27,43.6475,111.9767,80.71,39,0,12.95
338,Posse,BR,2021-07-30 01:40:27,-14.0931,-46.3694,66.42,45,0,6.89
339,San-Pedro,CI,2021-07-30 01:40:28,4.7485,-6.6363,74.37,90,69,3.42
340,Salinas,US,2021-07-30 01:40:28,36.6777,-121.6555,88.23,71,1,16.11
341,Pangody,RU,2021-07-30 01:35:29,65.85,74.4859,52.12,66,16,17.13
342,Haines Junction,CA,2021-07-30 01:40:28,60.7522,-137.5108,69.75,46,38,8.05
343,College,US,2021-07-30 01:40:29,64.8569,-147.8028,70.0,60,75,0.0
344,Naze,JP,2021-07-30 01:40:29,28.3667,129.4833,85.12,78,100,1.34
345,Quesnel,CA,2021-07-30 01:35:53,52.9999,-122.5029,84.7,24,1,8.05
346,Lazaro Cardenas,MX,2021-07-30 01:40:29,17.9583,-102.2,82.18,78,38,6.6
347,Saint-Georges,GD,2021-07-30 01:39:33,12.0564,-61.7485,80.28,83,20,10.36
348,Enniskerry,IE,2021-07-30 01:40:30,53.1925,-6.1692,55.96,92,100,3.06
349,Ostashkov,RU,2021-07-30 01:40:30,57.1467,33.1075,59.05,98,3,3.87
350,Taltal,CL,2021-07-30 01:40:31,-25.4,-70.4833,62.04,53,0,4.68
351,Sung Noen,TH,2021-07-30 01:40:31,14.8992,101.8207,83.55,68,100,14.79
352,Lalitpur,NP,2021-07-30 01:37:32,27.6667,85.3333,71.98,100,75,2.3
353,Ayan,RU,2021-07-30 01:38:33,56.45,138.1667,55.2,82,100,23.96
354,Sioux Lookout,CA,2021-07-30 01:40:32,50.1001,-91.917,66.58,42,20,4.61
355,Shalinskoye,RU,2021-07-30 01:40:32,55.7228,93.7594,62.02,62,61,2.93
356,Layou,VC,2021-07-30 01:40:32,13.2,-61.2667,80.08,76,48,10.87
357,Kailua,US,2021-07-30 01:36:25,21.4022,-157.7394,89.58,67,75,13.8
358,Teguise,ES,2021-07-30 01:40:33,29.0605,-13.564,66.42,83,0,21.85
359,Laguna,US,2021-07-30 01:40:33,38.421,-121.4238,106.45,29,1,5.01
360,Tabuk,PH,2021-07-30 01:40:33,17.4189,121.4443,81.63,78,100,1.86
361,Mlonggo,ID,2021-07-30 01:40:34,-6.5333,110.7,82.29,58,22,1.48
362,Tolaga Bay,NZ,2021-07-30 01:40:34,-38.3667,178.3,57.72,67,0,7.52
363,Jaromerice Nad Rokytnou,CZ,2021-07-30 01:40:35,49.0941,15.8933,64.56,82,0,10.36
364,Havre,FR,2021-07-30 01:40:35,49.5833,0.3333,62.37,72,0,9.22
365,Elko,US,2021-07-30 01:37:05,41.0002,-115.5012,80.64,28,55,4.0
366,Aksha,RU,2021-07-30 01:40:35,50.2814,113.2867,59.22,97,100,4.34
367,Bafoulabe,ML,2021-07-30 01:40:36,13.8065,-10.8321,74.82,94,100,1.77
368,Taoudenni,ML,2021-07-30 01:40:36,22.6783,-3.9836,95.31,31,46,9.91
369,Salalah,OM,2021-07-30 01:40:37,17.0151,54.0924,78.89,89,90,12.66
370,Hambantota,LK,2021-07-30 01:40:37,6.1241,81.1185,77.34,100,20,8.05
371,Auki,SB,2021-07-30 01:36:23,-8.7676,160.7034,86.31,63,5,2.8
372,Bac Lieu,VN,2021-07-30 01:40:37,9.285,105.7244,76.23,94,100,19.84
373,Port Lincoln,AU,2021-07-30 01:36:29,-34.7333,135.8667,64.6,52,5,20.02
374,Isangel,VU,2021-07-30 01:40:38,-19.55,169.2667,75.92,77,39,8.41
375,Kytmanovo,RU,2021-07-30 01:40:38,53.4593,85.4479,68.13,48,43,1.12
376,Sitka,US,2021-07-30 01:40:38,57.0531,-135.33,69.69,64,20,4.61
377,Ostrovnoy,RU,2021-07-30 01:40:39,68.0531,39.5131,43.02,88,9,2.06
378,Kavieng,PG,2021-07-30 01:40:39,-2.5744,150.7967,83.84,71,71,3.91
379,Zaysan,KZ,2021-07-30 01:40:40,47.4667,84.8667,72.72,26,100,5.59
380,Guangyuan,CN,2021-07-30 01:40:40,32.442,105.823,85.48,69,35,1.45
381,Arrecife,ES,2021-07-30 01:40:40,28.963,-13.5477,69.87,83,0,21.85
382,Ketchikan,US,2021-07-30 01:40:41,55.3422,-131.6461,66.67,72,90,8.05
383,Rio Grande,BR,2021-07-30 01:37:06,-32.035,-52.0986,35.94,75,16,8.57
384,Takoradi,GH,2021-07-30 01:40:41,4.8845,-1.7554,75.29,89,23,8.41
385,Misratah,LY,2021-07-30 01:40:42,32.3754,15.0925,80.22,74,0,7.23
386,Tasiilaq,GL,2021-07-30 01:40:42,65.6145,-37.6368,48.36,74,36,4.12
387,Alofi,NU,2021-07-30 01:40:11,-19.0595,-169.9187,78.69,73,75,12.66
388,Narsaq,GL,2021-07-30 01:40:43,60.9167,-46.05,48.42,87,100,2.35
389,Yashalta,RU,2021-07-30 01:40:43,46.3395,42.2762,70.14,45,0,4.9
390,Iqaluit,CA,2021-07-30 01:38:22,63.7506,-68.5145,49.73,81,75,0.0
391,Nakhon Si Thammarat,TH,2021-07-30 01:40:43,8.25,100.0,84.45,70,100,7.94
392,Yulara,AU,2021-07-30 01:39:17,-25.2406,130.9889,69.64,35,0,8.05
393,Tura,IN,2021-07-30 01:40:44,25.5198,90.2201,75.06,91,100,5.97
394,Klaksvik,FO,2021-07-30 01:40:44,62.2266,-6.589,52.72,89,100,16.84
395,Novosheshminsk,RU,2021-07-30 01:40:45,55.0651,51.2338,62.71,97,97,8.99
396,Karlovac,HR,2021-07-30 01:40:45,45.4872,15.5478,66.74,95,0,1.43
397,Calama,CL,2021-07-30 01:40:46,-22.4667,-68.9333,54.09,17,17,1.14
398,Chicama,PE,2021-07-30 01:40:47,-7.8447,-79.1469,63.14,86,73,7.27
399,Mahebourg,MU,2021-07-30 01:40:47,-20.4081,57.7,70.09,78,75,14.97
400,Togur,RU,2021-07-30 01:40:47,58.3631,82.8265,56.95,81,0,3.13
401,Doha,QA,2021-07-30 01:40:48,25.2867,51.5333,94.98,49,0,2.3
402,Hovd,MN,2021-07-30 01:37:19,48.0056,91.6419,67.05,39,98,3.53
403,Goderich,CA,2021-07-30 01:39:02,43.7501,-81.7165,68.92,88,0,8.05
404,Bonavista,CA,2021-07-30 01:40:19,48.6499,-53.1147,62.11,77,24,13.96
405,Taybad,IR,2021-07-30 01:40:48,34.74,60.7756,73.0,43,0,28.48
406,Kem,RU,2021-07-30 01:40:49,64.9555,34.5793,49.51,92,44,11.34
407,Kencong,ID,2021-07-30 01:40:49,-8.2833,113.3667,81.82,67,27,2.48
408,Guanica,PR,2021-07-30 01:40:49,17.9716,-66.908,82.22,81,95,5.99
409,Narok,KE,2021-07-30 01:40:50,-1.0783,35.8601,51.75,95,74,3.76
410,Manaus,BR,2021-07-30 01:40:50,-3.1019,-60.025,82.89,74,40,5.75
411,Mlawa,PL,2021-07-30 01:40:50,53.1128,20.3841,66.02,84,14,6.22
412,Athens,GR,2021-07-30 01:38:56,37.9795,23.7162,90.1,38,0,1.99
413,Vercheres,CA,2021-07-30 01:40:51,45.7834,-73.3492,64.96,94,93,3.44
414,Xai-Xai,MZ,2021-07-30 01:40:52,-25.0519,33.6442,62.06,85,0,4.88
415,Tautira,PF,2021-07-30 01:40:52,-17.7333,-149.15,80.01,76,27,4.9
416,Moerai,PF,2021-07-30 01:40:53,-22.4333,-151.3333,71.91,62,1,9.35
417,Kushmurun,KZ,2021-07-30 01:40:53,52.4503,64.6311,62.01,49,94,8.99
418,Cap Malheureux,MU,2021-07-30 01:40:53,-19.9842,57.6142,70.29,76,84,10.0
419,Harrisonburg,US,2021-07-30 01:40:54,38.4496,-78.8689,80.98,63,1,3.44
420,Yatou,CN,2021-07-30 01:40:54,37.15,122.3833,80.19,80,91,18.61
421,Hofn,IS,2021-07-30 01:40:54,64.2539,-15.2082,50.61,94,89,2.55
422,Pisco,PE,2021-07-30 01:40:54,-13.7,-76.2167,63.01,82,90,6.91
423,Kayes,ML,2021-07-30 01:36:20,14.0,-11.0,74.88,91,100,3.4
424,Coihaique,CL,2021-07-30 01:40:55,-45.5752,-72.0662,40.95,93,90,4.61
425,Nouadhibou,MR,2021-07-30 01:39:08,20.931,-17.0347,67.98,94,75,11.5
426,Mangai,CD,2021-07-30 01:40:55,-4.05,19.5333,69.64,33,38,0.89
427,Erzin,TR,2021-07-30 01:40:56,36.9559,36.2,81.32,65,0,1.01
428,Mackay,AU,2021-07-30 01:37:32,-21.15,149.2,74.68,73,90,13.8
429,Tabou,CI,2021-07-30 01:40:57,4.423,-7.3528,75.79,86,84,4.83
430,Lancaster,US,2021-07-30 01:39:32,40.2504,-76.2499,76.75,91,1,6.89
431,Tayoltita,MX,2021-07-30 01:40:58,24.0833,-105.9333,67.78,95,100,3.58
432,Puerto Baquerizo Moreno,EC,2021-07-30 01:40:59,-0.9,-89.6,71.01,87,65,9.33
433,Paraiso,CR,2021-07-30 01:40:59,9.8383,-83.8656,68.16,97,62,2.15
434,Salta,AR,2021-07-30 01:39:41,-24.7859,-65.4117,43.39,65,0,3.0
435,Kampong Chhnang,KH,2021-07-30 01:40:59,12.1667,104.55,85.08,71,68,4.38
436,Port Hawkesbury,CA,2021-07-30 01:41:00,45.6169,-61.3485,63.59,81,40,1.01
437,Port Hedland,AU,2021-07-30 01:39:21,-20.3167,118.5667,75.25,57,75,10.36
438,Basco,PH,2021-07-30 01:41:00,20.4487,121.9702,83.66,87,100,25.43
439,San Matias,BO,2021-07-30 01:41:01,-16.3667,-58.4,55.18,27,0,5.14
440,Longyan,CN,2021-07-30 01:41:02,25.1072,117.0225,87.44,63,88,3.42
441,Norman Wells,CA,2021-07-30 01:41:03,65.282,-126.8329,69.84,60,75,0.0
442,Birjand,IR,2021-07-30 01:38:31,32.8663,59.2211,72.07,28,0,6.91
443,Victoria Point,AU,2021-07-30 01:41:03,-27.5833,153.3,72.48,52,0,5.01
444,Virginia Beach,US,2021-07-30 01:37:24,36.8529,-75.978,86.02,75,75,8.05
445,Pike Creek,US,2021-07-30 01:41:04,39.7309,-75.7041,78.42,80,40,3.0
446,Ourossogui,SN,2021-07-30 01:41:04,15.6064,-13.3211,83.39,71,100,5.86
447,Pingzhuang,CN,2021-07-30 01:41:05,42.0372,119.2889,67.06,96,100,7.16
448,Sulgen,CH,2021-07-30 01:41:05,47.5377,9.185,66.76,90,54,1.61
449,Kismayo,SO,2021-07-30 01:41:05,-0.3582,42.5454,75.29,76,67,16.46
450,Berkak,NO,2021-07-30 01:41:06,62.825,10.0118,47.79,94,81,5.08
451,Sumenep,ID,2021-07-30 01:41:06,-7.0167,113.8667,84.24,64,80,5.41
452,Lashio,MM,2021-07-30 01:41:06,22.9333,97.75,75.18,85,95,2.39
453,Fonte Boa,BR,2021-07-30 01:41:07,-2.4959,-66.2662,73.63,82,27,2.26
454,Odate,JP,2021-07-30 01:41:07,40.2686,140.5683,86.14,70,40,2.3
455,Matay,EG,2021-07-30 01:41:08,28.419,30.7792,80.96,38,2,7.45
456,Richards Bay,ZA,2021-07-30 01:41:08,-28.783,32.0377,59.76,77,2,7.11
457,Krasnoselkup,RU,2021-07-30 01:41:08,65.7,82.4667,57.42,66,27,12.37
458,Mogadishu,SO,2021-07-30 01:41:09,2.0371,45.3438,75.9,79,86,19.55
459,Oxelosund,SE,2021-07-30 01:41:10,58.6706,17.1015,57.13,88,0,5.75
460,Novi Di Modena,IT,2021-07-30 01:41:10,44.8905,10.9014,76.48,74,1,1.34
461,Waingapu,ID,2021-07-30 01:41:10,-9.6567,120.2641,84.38,56,16,12.71
462,Helena,US,2021-07-30 01:41:10,46.5927,-112.0361,87.22,27,1,11.5
463,Reyes,BO,2021-07-30 01:41:11,-14.3167,-67.3833,58.19,44,54,3.71
464,Padang,ID,2021-07-30 01:37:39,-0.9492,100.3543,75.25,64,100,0.89
465,Aqtobe,KZ,2021-07-30 01:41:11,50.2797,57.2072,55.49,67,0,0.0
466,Bartlesville,US,2021-07-30 01:39:04,36.7473,-95.9808,91.11,85,1,0.0
467,Constitucion,CL,2021-07-30 01:41:12,-35.3333,-72.4167,51.37,76,0,2.28
468,Tual,ID,2021-07-30 01:41:12,-5.6667,132.75,80.94,82,84,12.86
469,Eenhana,NA,2021-07-30 01:41:13,-17.4667,16.3333,53.35,30,98,8.77
470,Berlevag,NO,2021-07-30 01:41:14,70.8578,29.0864,44.24,84,100,3.69
471,Ampanihy,MG,2021-07-30 01:41:14,-24.7,44.75,65.64,70,2,6.2
472,Yellapur,IN,2021-07-30 01:41:15,14.9667,74.7167,70.92,94,100,4.92
473,Kousseri,CM,2021-07-30 01:41:15,12.0769,15.0306,76.96,94,20,6.91
474,Jumla,NP,2021-07-30 01:41:15,29.2747,82.1838,63.97,95,100,2.24
475,Vanimo,PG,2021-07-30 01:41:16,-2.6741,141.3028,85.03,70,98,3.96
476,Bekesszentandras,HU,2021-07-30 01:41:16,46.8667,20.4833,70.14,55,0,4.09
477,Mazara Del Vallo,IT,2021-07-30 01:41:16,37.6641,12.588,82.94,41,0,10.83
478,General Pico,AR,2021-07-30 01:41:16,-35.6566,-63.7568,43.56,40,0,9.15
479,Lockport,US,2021-07-30 01:40:52,41.5895,-88.0578,76.86,78,40,10.36
480,Springbok,ZA,2021-07-30 01:41:17,-29.6643,17.8865,45.07,58,0,7.2
481,Carutapera,BR,2021-07-30 01:37:32,-1.195,-46.02,75.47,93,29,6.02
482,Saint-Francois,FR,2021-07-30 01:41:17,46.4154,3.9054,64.18,90,0,0.0
483,Sibu,MY,2021-07-30 01:41:17,2.3,111.8167,77.31,88,40,8.05
484,Fortuna,US,2021-07-30 01:41:18,40.5982,-124.1573,63.93,82,1,1.99
485,Nellikkuppam,IN,2021-07-30 01:41:18,11.7667,79.6833,83.8,58,100,8.21
486,Rapid Valley,US,2021-07-30 01:39:26,44.0625,-103.1463,82.33,30,1,11.99
487,Luau,AO,2021-07-30 01:41:18,-10.7073,22.2247,55.63,34,0,5.44
488,Qianan,CN,2021-07-30 01:41:19,44.9932,124.0581,71.35,94,100,4.43
489,Vao,NC,2021-07-30 01:37:21,-22.6667,167.4833,71.35,70,2,20.04
490,Loreto,MX,2021-07-30 01:41:19,22.2667,-101.9667,69.85,49,100,15.35
491,Bosaso,SO,2021-07-30 01:41:19,11.2842,49.1816,86.68,50,82,29.57
492,Boende,CD,2021-07-30 01:41:20,-0.2167,20.8667,72.28,54,64,1.3
493,Yangambi,CD,2021-07-30 01:41:20,0.8102,24.4336,70.97,82,57,2.37
494,Tazovskiy,RU,2021-07-30 01:41:20,67.4667,78.7,54.57,88,72,13.78
495,Westport,US,2021-07-30 01:41:21,41.1415,-73.3579,73.76,94,90,13.0
496,Ossora,RU,2021-07-30 01:41:21,59.2353,163.0719,52.66,82,100,4.72
497,Miranda De Ebro,ES,2021-07-30 01:41:21,42.6865,-2.947,64.83,97,43,4.21
498,Adrar,MR,2021-07-30 01:41:22,20.5022,-10.0711,86.4,38,49,16.49
499,Florianopolis,BR,2021-07-30 01:41:22,-27.6146,-48.5012,46.62,73,0,3.44
500,Le Port,RE,2021-07-30 01:41:22,-20.9373,55.2919,68.0,78,12,6.06
501,Jasper,US,2021-07-30 01:38:53,37.2001,-94.3502,86.99,70,3,7.36
502,Praia Da Vitoria,PT,2021-07-30 01:41:22,38.7333,-27.0667,73.76,94,75,9.4
503,Bogorodskoye,RU,2021-07-30 01:41:23,56.55,37.8833,67.78,78,100,4.54
504,Flin Flon,CA,2021-07-30 01:41:23,54.7682,-101.865,70.2,59,38,3.53
505,Baltay,RU,2021-07-30 01:41:24,52.4652,46.6308,65.7,88,96,4.0
506,Gasa,PS,2021-07-30 01:41:24,31.5,34.4667,76.98,75,0,6.44
507,Gorin,RU,2021-07-30 01:41:25,51.1983,136.6669,65.97,71,96,10.36
508,Najran,SA,2021-07-30 01:37:26,17.4924,44.1277,83.05,50,17,8.79
509,Linjiang,CN,2021-07-30 01:41:26,41.8069,126.9078,89.64,58,45,1.14
510,Conceicao Do Araguaia,BR,2021-07-30 01:41:28,-8.2578,-49.2647,80.73,54,0,8.05
511,Agirish,RU,2021-07-30 01:41:28,61.9247,63.0231,49.37,72,92,3.44
512,Itarema,BR,2021-07-30 01:36:57,-2.9248,-39.9167,77.72,86,46,9.28
513,Zhangjiakou,CN,2021-07-30 01:41:28,40.81,114.8794,77.94,60,99,5.44
514,Perth,AU,2021-07-30 01:37:29,-31.9333,115.8333,61.05,72,75,17.27
515,Havre-Saint-Pierre,CA,2021-07-30 01:41:29,50.2334,-63.5986,57.56,88,90,3.44
516,Ambanja,MG,2021-07-30 01:41:29,-13.6833,48.45,64.98,85,0,4.16
517,Takaungu,KE,2021-07-30 01:41:29,-3.6837,39.8566,73.49,84,97,13.4
518,Acapulco,MX,2021-07-30 01:37:24,16.8634,-99.8901,85.82,66,75,4.61
519,Carauari,BR,2021-07-30 01:41:30,-4.8828,-66.8958,77.07,55,100,2.82
520,Kiama,AU,2021-07-30 01:41:30,-34.6833,150.8667,63.37,42,0,3.65
521,Yumen,CN,2021-07-30 01:41:31,40.2833,97.2,85.21,16,0,20.78
522,Otradnoye,RU,2021-07-30 01:41:31,59.7775,30.8181,62.65,90,57,6.15
523,Kualakapuas,ID,2021-07-30 01:41:31,-3.0091,114.3876,78.96,60,79,3.89
524,Rawson,AR,2021-07-30 01:41:32,-43.3002,-65.1023,55.0,38,19,14.16
525,Vostok,RU,2021-07-30 01:41:32,46.4856,135.8833,71.06,90,100,1.59
526,Tecoanapa,MX,2021-07-30 01:41:32,16.5167,-98.75,80.71,79,100,2.71
527,Coruripe,BR,2021-07-30 01:41:33,-10.1256,-36.1756,72.5,87,1,6.76
528,Lyuban,BY,2021-07-30 01:41:33,52.7985,28.0048,61.09,93,3,7.0
529,Aksarka,RU,2021-07-30 01:41:33,66.5606,67.7975,48.33,97,100,13.96
530,Amlagora,IN,2021-07-30 01:41:33,22.8333,87.3333,77.47,94,100,14.7
531,Los Llanos De Aridane,ES,2021-07-30 01:41:34,28.6585,-17.9182,69.55,93,90,16.11
532,Guhagar,IN,2021-07-30 01:41:34,17.4842,73.1929,79.59,87,99,13.33
533,Sanchez,DO,2021-07-30 01:41:34,19.2281,-69.6137,76.03,92,8,6.6
534,Piacabucu,BR,2021-07-30 01:41:35,-10.4056,-36.4344,72.59,88,0,6.38
535,Bilma,NE,2021-07-30 01:41:35,18.6853,12.9164,92.64,30,28,6.31
536,Victor Harbor,AU,2021-07-30 01:41:35,-35.5667,138.6167,66.47,46,75,3.0
537,Caronport,CA,2021-07-30 01:41:36,50.4501,-105.8179,86.68,36,6,11.77
538,Lumsden,CA,2021-07-30 01:41:36,50.6501,-104.8678,81.57,27,53,11.56
539,Wattegama,LK,2021-07-30 01:37:28,6.7989,81.4808,76.12,64,76,4.38
540,Whitehorse,CA,2021-07-30 01:40:21,60.7161,-135.0538,76.01,28,20,12.66
541,Vitim,RU,2021-07-30 01:41:36,59.4511,112.5578,77.23,26,7,11.48
542,Dhenkanal,IN,2021-07-30 01:41:37,20.6667,85.6,80.65,91,100,8.3
543,Azul,AR,2021-07-30 01:41:37,-36.777,-59.8585,40.03,63,0,7.67
544,Noumea,NC,2021-07-30 01:41:38,-22.2763,166.4572,78.01,99,14,18.23
545,Sakaraha,MG,2021-07-30 01:41:38,-22.9,44.5333,59.29,83,4,4.14
546,Gamboma,CG,2021-07-30 01:41:38,-1.8764,15.8644,73.24,37,15,2.21
547,Boralday,KZ,2021-07-30 01:41:39,43.3578,76.8594,69.66,32,90,8.95
548,Mataram,ID,2021-07-30 01:41:39,-8.5833,116.1167,83.21,60,20,8.32
549,Roma,US,2021-07-30 01:38:47,43.2128,-75.4557,68.65,94,90,0.0
550,Batagay,RU,2021-07-30 01:41:39,67.6333,134.6333,67.39,34,40,1.61
551,Batemans Bay,AU,2021-07-30 01:41:40,-35.7167,150.1833,60.1,29,0,4.72
552,Bay Roberts,CA,2021-07-30 01:41:40,47.5999,-53.2648,61.34,83,3,7.0
553,Alice Springs,AU,2021-07-30 01:40:43,-23.7,133.8833,78.35,21,0,11.99
554,Camopi,GF,2021-07-30 01:41:41,3.1655,-52.3158,71.22,99,12,1.95
555,Mocuba,MZ,2021-07-30 01:41:41,-16.8392,36.9856,58.82,96,54,1.81
556,Hamilton,US,2021-07-30 01:41:42,39.1834,-84.5333,82.35,83,56,5.32
557,Poum,NC,2021-07-30 01:39:38,-20.2333,164.0167,73.9,69,3,12.3
558,Itoman,JP,2021-07-30 01:41:42,26.1247,127.6694,86.38,87,20,5.75
559,Fayaoue,NC,2021-07-30 01:41:43,-20.65,166.5333,73.36,60,1,8.55
560,Lethem,GY,2021-07-30 01:41:43,3.3803,-59.7968,73.2,92,97,2.93
561,Oyama,JP,2021-07-30 01:41:43,36.3,139.8,87.87,70,93,3.04
562,Inuvik,CA,2021-07-30 01:36:59,68.3499,-133.7218,67.21,57,90,4.61
563,Gao,ML,2021-07-30 01:41:44,16.6362,1.637,86.92,49,99,7.63
564,Galle,LK,2021-07-30 01:41:44,6.0367,80.217,80.6,84,34,13.85
565,Biak,ID,2021-07-30 01:41:45,-0.9131,122.8766,82.6,69,69,4.27
566,Tarko-Sale,RU,2021-07-30 01:41:45,64.9225,77.785,52.92,66,4,15.17
567,Narrabri,AU,2021-07-30 01:41:45,-30.3167,149.7833,58.51,41,0,6.91
568,Staryy Nadym,RU,2021-07-30 01:41:45,65.6118,72.6842,50.29,82,85,20.94
569,Birao,CF,2021-07-30 01:41:46,10.2849,22.7882,70.83,95,100,3.87
570,Santa Lucia,ES,2021-07-30 01:41:46,27.9117,-15.5407,64.76,73,20,20.71
571,Maceio,BR,2021-07-30 01:41:22,-9.6658,-35.7353,71.04,100,0,3.44
572,Sergeyevka,KZ,2021-07-30 01:41:47,53.88,67.4158,59.4,56,56,11.27
573,Brae,GB,2021-07-30 01:41:47,60.3964,-1.353,53.51,96,100,8.23
